{
  "logpt": {
    "mean_": [
      8.50248866536399
    ],
    "scale_": [
      1.1002988461441665
    ]
  },
  "eta": {
    "mean_": [
      -0.0016091588913848738
    ],
    "scale_": [
      0.4921775175095184
    ]
  },
  "phi": {
    "mean_": [
      0.05707943460850421
    ],
    "scale_": [
      0.6347158590876399
    ]
  },
  "cell_deltax": {
    "mean_": [
      1.1915931790013763
    ],
    "scale_": [
      506.08573407362417
    ]
  },
  "cell_deltay": {
    "mean_": [
      -1.226803241521485
    ],
    "scale_": [
      509.0961516320389
    ]
  },
  "cell_deltaz": {
    "mean_": [
      10.415003241069906
    ],
    "scale_": [
      1007.8801376923404
    ]
  },
  "cell_loget": {
    "mean_": [
      2.9629520694043245
    ],
    "scale_": [
      1.7179658880162016
    ]
  },
  "cell_layer": {
    "mean_": [
      1.117734961915023
    ],
    "scale_": [
      1.2961771185178599
    ]
  },
  "cell_topo_idx": {
    "mean_": [
      2.765660792018513
    ],
    "scale_": [
      3.249471915183141
    ]
  },
  "track_logd0": {
    "mean_": [
      -0.0038984353559762797
    ],
    "scale_": [
      0.8920857980988857
    ]
  },
  "track_logz0": {
    "mean_": [
      -0.0025523939769558587
    ],
    "scale_": [
      1.3699140870805422
    ]
  },
  "track_deltaeta_layer_0": {
    "mean_": [
      -0.06228599582089913
    ],
    "scale_": [
      0.2885766306993238
    ]
  },
  "track_deltaeta_layer_1": {
    "mean_": [
      -0.06230179850044016
    ],
    "scale_": [
      0.2893647617386463
    ]
  },
  "track_deltaeta_layer_2": {
    "mean_": [
      -0.0623066734887965
    ],
    "scale_": [
      0.2896452482698842
    ]
  },
  "track_deltaeta_layer_3": {
    "mean_": [
      -0.06230707439141886
    ],
    "scale_": [
      0.2896910856381053
    ]
  },
  "track_deltaeta_layer_4": {
    "mean_": [
      -0.06229791867263904
    ],
    "scale_": [
      0.2892263683448349
    ]
  },
  "track_deltaeta_layer_5": {
    "mean_": [
      -0.062286427371980514
    ],
    "scale_": [
      0.2886514325761013
    ]
  },
  "track_deltaphi_layer_0": {
    "mean_": [
      0.050419771104375136
    ],
    "scale_": [
      0.608710777371788
    ]
  },
  "track_deltaphi_layer_1": {
    "mean_": [
      0.05230140516635871
    ],
    "scale_": [
      0.6344821188529072
    ]
  },
  "track_deltaphi_layer_2": {
    "mean_": [
      0.05329941494749076
    ],
    "scale_": [
      0.6528616943305366
    ]
  },
  "track_deltaphi_layer_3": {
    "mean_": [
      0.054761848031055035
    ],
    "scale_": [
      0.6735631195388877
    ]
  },
  "track_deltaphi_layer_4": {
    "mean_": [
      0.05683977693938468
    ],
    "scale_": [
      0.7076638311852003
    ]
  },
  "track_deltaphi_layer_5": {
    "mean_": [
      0.058280169574720396
    ],
    "scale_": [
      0.729664388939519
    ]
  },
  "track_isMuon": {
    "mean_": [
      6.409258631897965e-05
    ],
    "scale_": [
      0.008005527993790201
    ]
  },
  "topocluster_deltax": {
    "mean_": [
      2.163021647359235
    ],
    "scale_": [
      653.575282487403
    ]
  },
  "topocluster_deltay": {
    "mean_": [
      -11.837447160481448
    ],
    "scale_": [
      653.1639148442118
    ]
  },
  "topocluster_deltaz": {
    "mean_": [
      39.50338407880127
    ],
    "scale_": [
      1291.1415750596802
    ]
  },
  "topocluster_loge": {
    "mean_": [
      7.450283007206514
    ],
    "scale_": [
      1.6287203717571366
    ]
  },
  "topocluster_emfrac": {
    "mean_": [
      0.8488721783935196
    ],
    "scale_": [
      0.3324072952028015
    ]
  },
  "topocluster_hadfrac": {
    "mean_": [
      0.15112782156492852
    ],
    "scale_": [
      0.3324072951153523
    ]
  }
}